Date,Name,Year,Letterboxd URI
2014-07-27,Vengeance Is Mine,1979,https://boxd.it/XyU
2014-07-27,High and Low,1963,https://boxd.it/1RSc
2014-07-27,Woman in the Dunes,1964,https://boxd.it/1JNS
2014-07-27,Attack the Gas Station!,1999,https://boxd.it/1JUO
2014-07-27,Tokyo Story,1953,https://boxd.it/1HuY
2014-07-28,Life Is Beautiful,1997,https://boxd.it/29Wm
2014-12-17,Friend,2001,https://boxd.it/1EMg
2014-12-17,Thirst,2009,https://boxd.it/1Aqq
2014-12-17,No Mercy,2010,https://boxd.it/Dze
2014-12-17,The City Of Violence,2006,https://boxd.it/1Dda
2014-12-28,Secret Sunshine,2007,https://boxd.it/27CY
2015-01-02,Dream Home,2010,https://boxd.it/FoW
2015-01-02,"I'm a Cyborg, But That's OK",2006,https://boxd.it/2328
2015-02-09,Bad Guy,2001,https://boxd.it/1voE
2015-02-10,"Spring, Summer, Fall, Winter... and Spring",2003,https://boxd.it/2b6W
2015-02-10,Welcome to Dongmakgol,2005,https://boxd.it/1N3u
2015-09-21,Bedevilled,2010,https://boxd.it/2iWK
2015-09-23,Mad Detective,2007,https://boxd.it/1OV8
2016-04-28,Our Day Will Come,2010,https://boxd.it/DPc
2016-05-21,The Boxer's Omen,1983,https://boxd.it/Gx6
2016-06-24,Lesson of the Evil,2012,https://boxd.it/406q
2016-06-25,Female Prisoner 701: Scorpion,1972,https://boxd.it/2rKo
2016-06-25,964 Pinocchio,1991,https://boxd.it/EhA
2016-06-25,Crazy Thunder Road,1980,https://boxd.it/2Vrw
2016-06-30,2046,2004,https://boxd.it/29tu
2016-09-16,A Hard Day,2014,https://boxd.it/85lS
2016-11-15,The Tiger: An Old Hunter's Tale,2015,https://boxd.it/cpvG
2016-12-07,Near Dark,1987,https://boxd.it/1SRO
2016-12-12,On the Silver Globe,1988,https://boxd.it/1sAM
2016-12-20,Soylent Green,1973,https://boxd.it/1SxE
2017-02-19,World on a Wire,1973,https://boxd.it/xnQ
2017-04-07,Le Cercle Rouge,1970,https://boxd.it/1Tjy
2017-04-16,Don't Look Now,1973,https://boxd.it/29fC
2017-04-23,Birth,2004,https://boxd.it/1VvQ
2017-04-23,Army of Shadows,1969,https://boxd.it/1Mli
2017-07-26,Rashomon,1950,https://boxd.it/2a9K
2017-08-10,To Live and Die in L.A.,1985,https://boxd.it/1XFo
2017-08-18,Burst City,1982,https://boxd.it/12s8
2017-11-05,From Beyond,1986,https://boxd.it/1NXi
2017-11-12,Accident,2009,https://boxd.it/1vKq
2017-12-07,Love Exposure,2008,https://boxd.it/1pDe
2017-12-19,Primal Fear,1996,https://boxd.it/28ws
2018-01-16,The Death King,1990,https://boxd.it/1LCM
2018-01-16,Demons,1971,https://boxd.it/3yiy
2018-01-16,Holy Motors,2012,https://boxd.it/3wai
2018-01-16,Belladonna of Sadness,1973,https://boxd.it/2q
2018-01-17,Deathstalker,1983,https://boxd.it/1Lhu
2018-01-25,Illang: The Wolf Brigade,2018,https://boxd.it/gL0S
2018-01-30,Conquest,1983,https://boxd.it/1sg8
2018-02-06,Visitor Q,2001,https://boxd.it/24DE
2018-02-19,8½,1963,https://boxd.it/2aqm
2018-02-21,Threads,1984,https://boxd.it/1I0g
2018-03-11,Crazed Fruit,1956,https://boxd.it/35g4
2018-04-09,Barton Fink,1991,https://boxd.it/2aFQ
2018-04-19,Bohachi Bushido: Code of the Forgotten Eight,1973,https://boxd.it/39R4
2018-04-24,The Skin I Live In,2011,https://boxd.it/99A
2018-04-28,Solaris,1972,https://boxd.it/2a2Y
2018-04-30,Cargo 200,2007,https://boxd.it/1d7A
2018-05-21,Blood Feast,1963,https://boxd.it/1q58
2018-05-21,Trouble Every Day,2001,https://boxd.it/115M
2018-05-21,Inside,2007,https://boxd.it/1QqG
2018-05-24,Antropophagus,1980,https://boxd.it/236a
2018-05-24,Incendies,2010,https://boxd.it/Msm
2018-06-11,Kiss Me Deadly,1955,https://boxd.it/1HHe
2018-06-16,First Reformed,2017,https://boxd.it/go9C
2018-08-07,Shame,2011,https://boxd.it/2CxU
2018-08-07,Torso,1973,https://boxd.it/1iGg
2018-08-31,Nosferatu the Vampyre,1979,https://boxd.it/21J0
2018-09-15,Let the Corpses Tan,2017,https://boxd.it/eWSs
2018-10-23,Fireworks,1997,https://boxd.it/22mQ
2018-10-29,Hanna,2011,https://boxd.it/DBE
2018-10-29,Small Dark Look,,https://boxd.it/j3rc
2018-10-30,The Twilight Samurai,2002,https://boxd.it/1RRI
2018-10-30,Samurai Rebellion,1967,https://boxd.it/2loc
2018-11-02,Don't Deliver Us from Evil,1971,https://boxd.it/d7I
2018-11-25,Joint Security Area,2000,https://boxd.it/26Ja
2019-01-31,A Short Film About Love,1988,https://boxd.it/1jXC
2019-01-31,Down to the Cellar,1983,https://boxd.it/49MA
2019-01-31,Kotoko,2011,https://boxd.it/3030
2019-01-31,The Madness of Youth,1960,https://boxd.it/6bDY
2019-02-11,Blood and Black Lace,1964,https://boxd.it/1qme
2019-02-11,Blood Diner,1987,https://boxd.it/c2C
2019-02-11,Mirror Mirror,1990,https://boxd.it/2tKg
2019-03-26,The Incident,2011,https://boxd.it/3lnU
2019-04-25,Sombre,1998,https://boxd.it/oA2
2019-06-05,Star Crystal,1986,https://boxd.it/2uOI
2019-06-05,Cashback,2006,https://boxd.it/1Sf6
2019-06-05,Cosmos,2015,https://boxd.it/abCE
2019-06-05,71 Fragments of a Chronology of Chance,1994,https://boxd.it/1gAU
2019-06-05,The Doom Generation,1995,https://boxd.it/1PVe
2019-06-05,Liquid Sky,1982,https://boxd.it/1CBA
2019-06-12,Fires on the Plain,2014,https://boxd.it/8LJW
2019-06-27,Dogville,2003,https://boxd.it/2a8W
2019-07-19,Hell or High Water,2016,https://boxd.it/bfGM
2019-07-25,Sweet Home,1989,https://boxd.it/2np2
2019-07-25,Peking Opera Blues,1986,https://boxd.it/13fO
2019-07-25,Band of Outsiders,1964,https://boxd.it/20Aw
2019-08-14,Piercing,2018,https://boxd.it/fELU
2019-08-22,Love & Pop,1998,https://boxd.it/2sv0
2019-10-09,Messiah of Evil,1973,https://boxd.it/1wLY
2019-10-25,Tenebre,1982,https://boxd.it/1mRM
2019-10-27,Salon Kitty,1976,https://boxd.it/11UA
2019-10-30,A Woman Under the Influence,1974,https://boxd.it/1myg
2019-11-06,Stalker,1979,https://boxd.it/28PO
2019-11-07,Hard to Be a God,2013,https://boxd.it/3Ido
2019-11-19,The Girl with All the Gifts,2016,https://boxd.it/d2lg
2019-11-19,Valhalla Rising,2009,https://boxd.it/17lc
2019-11-20,Dune,2021,https://boxd.it/fA7G
2019-11-23,Persona,1966,https://boxd.it/29B4
2019-11-24,Ziegenort,2013,https://boxd.it/aiGo
2019-12-01,Rare Exports: A Christmas Tale,2010,https://boxd.it/IyU
2020-01-02,Maniac Cop,2020,
2020-02-09,Arrival,2016,https://boxd.it/aNGk
2020-02-09,Gunbuster,1988,https://boxd.it/qL38
2020-02-13,Safe,1995,https://boxd.it/1gKU
2020-02-13,State of Siege,1972,https://boxd.it/3dao
2020-02-13,Good Morning,1959,https://boxd.it/2lkk
2020-02-13,Scenes from a Marriage,1974,https://boxd.it/4kJC
2020-02-13,Antlers,2021,https://boxd.it/iI50
2020-02-16,World of Tomorrow,2015,https://boxd.it/9Gr6
2020-02-25,Ashes and Diamonds,1958,https://boxd.it/23q0
2020-02-28,Psychic Vision: Jaganrei,1988,https://boxd.it/eWz6
2020-03-20,Under the Blossoming Cherry Trees,1975,https://boxd.it/3FsK
2020-03-22,Burning,2018,https://boxd.it/hHUa
2020-04-11,Lux Æterna,2019,https://boxd.it/m6b8
2020-04-24,Au Hasard Balthazar,1966,https://boxd.it/1E3g
2020-04-24,Naked,1993,https://boxd.it/1BT4
2020-04-24,The Naked Prey,1965,https://boxd.it/1GOo
2020-04-24,Rumble Fish,1983,https://boxd.it/2aOI
2020-04-27,Divorce Italian Style,1961,https://boxd.it/1DNs
2020-05-15,The Night Porter,1974,https://boxd.it/1tsk
2020-05-25,The Hustler,1961,https://boxd.it/298G
2020-07-18,Leviathan,2014,https://boxd.it/7Ub8
2020-07-18,The Tribe,2014,https://boxd.it/8aqe
2020-07-28,Confessions,2010,https://boxd.it/uRS
2020-07-28,Sukiyaki Western Django,2007,https://boxd.it/1PKg
2020-07-28,The Great Silence,1968,https://boxd.it/1ZlA
2020-07-28,The Wicker Man,1973,https://boxd.it/1KnG
2020-07-28,The Housemaid,1960,https://boxd.it/WJs
2020-07-28,Hour of the Wolf,1968,https://boxd.it/1H9G
2020-07-28,Dust Devil,1992,https://boxd.it/23bY
2020-08-20,God's Country,1985,https://boxd.it/2KFM
2020-09-15,Sans Soleil,1983,https://boxd.it/28B8
2020-09-21,The Ordeal,2004,https://boxd.it/1ROk
2020-10-02,Contempt,1963,https://boxd.it/2aJe
2020-12-13,Harry Dean Stanton: Partly Fiction,2012,https://boxd.it/4fVo
2020-12-17,The Virgin Spring,1960,https://boxd.it/1TjI
2021-01-31,Livid,2011,https://boxd.it/2WWA
2021-04-16,Eaten Alive,1976,https://boxd.it/1m2O
2021-04-20,Adaptation.,2002,https://boxd.it/26mA
2021-04-23,Deep End,1970,https://boxd.it/i8m
2021-04-23,Combat Shock,1986,https://boxd.it/1tEg
2021-04-23,The Fan,1982,https://boxd.it/3zkA
2021-05-03,Sorcerer,1977,https://boxd.it/14J6
